Schema,TableName,Hidden,DIY_Default,Community
ccv2,AllergyStaging,,,TRUE
ccv2,BaseDetailStaging,,,TRUE
ccv2,BusinessType,,,TRUE
ccv2,Channel,,TRUE,TRUE
ccv2,Channel_EnabledMessageTypes,,,TRUE
ccv2,ChannelInboundConfig,,,TRUE
ccv2,ChannelOutboundConfig,,,TRUE
ccv2,ChannelType,,,TRUE
ccv2,ClientDependentStaging,,,TRUE
ccv2,DiagnosisStaging,,,TRUE
ccv2,EventType,,,TRUE
ccv2,Hl7Version,,,TRUE
ccv2,InboundMessageApproval,,,TRUE
ccv2,InsuranceStaging,,,TRUE
ccv2,MessageType,,,TRUE
ccv2,MessageTypeInbound,,,TRUE
ccv2,ProcessType,,,TRUE
ccv2,TriggerEventType,,,TRUE
ClientInfo,BaseDetails,,TRUE,TRUE
ClientInfo,ClientEhr,,,TRUE
ClientInfo,ExtendedDetails,,,TRUE
ClientInfo,PreviousAddressHistory,,,TRUE
ClientInfo,PreviousFullNameHistory,,,TRUE
cp,CPSignature,,,TRUE
cp,CPVisit,,,TRUE
cp,CPVisitType,,,TRUE
cp,CPVisitTypeClientVisitType,,,TRUE
cp,SavedCPVisitAnswer,,,TRUE
cp,SavedCPVisitAnswerNote,,,TRUE
dbo,_bkp_signature_fix_ADO29454,,,
dbo,AccountingPeriod,,TRUE,TRUE
dbo,Address,,TRUE,TRUE
dbo,AddressUsage,,,TRUE
dbo,AdminTime,,TRUE,TRUE
dbo,AdminTimeTypes,,TRUE,TRUE
dbo,Agency,,TRUE,TRUE
dbo,AgencyCaseManager,,,TRUE
dbo,Aggregator,,,TRUE
dbo,AggregatorContact,,,TRUE
dbo,AggregatorExceptionCodes,,,TRUE
dbo,AggregatorResolutionCodes,,,TRUE
dbo,AggregatorTemplates,,,TRUE
dbo,Amendments,,TRUE,TRUE
dbo,AmendmentStatus,,,TRUE
dbo,AmendmentType,,,TRUE
dbo,AnalyticsMapping,,,TRUE
dbo,Answer,,TRUE,TRUE
dbo,ApprovalRole,,TRUE,TRUE
dbo,ApprovalRoleOrder,,,TRUE
dbo,ApprovalRoleRoute,,,TRUE
dbo,ApptVerificationHistory,,TRUE,TRUE
dbo,AsamCallTracking,,,TRUE
dbo,AsamClientData,,,TRUE
dbo,AsamPatientExportSetting,,,TRUE
dbo,AsamReportData,,,TRUE
dbo,AsamReportMetaData,,,TRUE
dbo,Assets,,,TRUE
dbo,AssetTeam,,,TRUE
dbo,AuthLevel,,TRUE,TRUE
dbo,AuthLevelPayer,,,TRUE
dbo,AuthLevelVisitType,,,TRUE
dbo,Authorizations,,TRUE,TRUE
dbo,AuthorizationsInpatient,,,TRUE
dbo,AuthPayer,,TRUE,TRUE
dbo,AuthProvider,,,TRUE
dbo,AuthVisitType,,,TRUE
dbo,Axis1,,TRUE,TRUE
dbo,Axis2,,,TRUE
dbo,B10TotalExportRequest,,,TRUE
dbo,BedBoardBed,,TRUE,TRUE
dbo,BedBoardBed_bck,,,
dbo,BedBoardFacility,,TRUE,TRUE
dbo,BedBoardIntervalReason,,,TRUE
dbo,BedBoardRoom,,TRUE,TRUE
dbo,BedBoardShift,,,TRUE
dbo,BedBoardShiftCatalog,,,TRUE
dbo,BedBoardShiftEmployee,,,TRUE
dbo,BedBoardShiftException,,,TRUE
dbo,BedBoardShiftNote,,,TRUE
dbo,BedBoardShiftStatus,,,TRUE
dbo,BedBoardWing,,TRUE,TRUE
dbo,BillingCodes,,,TRUE
dbo,BillingMatrix,,TRUE,TRUE
dbo,billingmatrix_bkup,,,
dbo,BillingMatrixLog,,,TRUE
dbo,BillingMatrixPayer,,,TRUE
dbo,BillingMatrixPayers,,,TRUE
dbo,BillingMatrixPayerType,,,TRUE
dbo,BillingMatrixRevCode,,,TRUE
dbo,bkp_CrediblePlan_131591,,,
dbo,BulkClientVisitReportsOffline,,,TRUE
dbo,BulkClientVisitReportsOffline_Cats,,,TRUE
dbo,BulkClientVisitReportsOffline_GetSigs,,,TRUE
dbo,BulkClientVisitReportsOffline_Header,,,TRUE
dbo,BulkClientVisitReportsOffline_Sigs,,,TRUE
dbo,BulkClientVisitReportsOffline_SupervisorSig,,,TRUE
dbo,BulkClientVisitReportsOffline_VisitSigs,,,TRUE
dbo,Calendar,,TRUE,TRUE
dbo,Category,,TRUE,TRUE
dbo,CategoryNavigation,,,TRUE
dbo,CDA_ClientSummary,,,TRUE
dbo,CDA_ClientSummaryDetail,,,TRUE
dbo,ChangeCorrelation,,,TRUE
dbo,ChangeLog,,TRUE,TRUE
dbo,ChangeLogAdmin,,,TRUE
dbo,ChangeLogAdminArchive,,,TRUE
dbo,ChangeLogArchive,,,TRUE
dbo,ChangeLogCategory,,,TRUE
dbo,ChangeLogDetail,,TRUE,TRUE
dbo,ChangeLogDetailArchive,,,TRUE
dbo,ChangeLogType,,TRUE,TRUE
dbo,changelogtype_bkup,,,
dbo,ClientAccessKey,,,TRUE
dbo,ClientAccessKeyShare,,,TRUE
dbo,ClientAllergy,,TRUE,TRUE
dbo,ClientAsam,,,TRUE
dbo,ClientAsamAssessment,,,TRUE
dbo,ClientAxis,,TRUE,TRUE
dbo,ClientAxis4,,,TRUE
dbo,ClientAxisDetail,,TRUE,TRUE
dbo,ClientAxisDetailProgram,,TRUE,TRUE
dbo,ClientAxisDetailSpecifiers,,,TRUE
dbo,ClientAxisTest,,,TRUE
dbo,ClientAxisWHODASAssessmentScores,,,TRUE
dbo,ClientBedBoard,,TRUE,TRUE
dbo,ClientBedBoard_bck,,,
dbo,ClientBedBoardConfig,,,TRUE
dbo,ClientBedBoardInterval,,TRUE,TRUE
dbo,ClientBedBoardInterval_bck,,,
dbo,ClientBedBoardIntervalDay,,,TRUE
dbo,ClientBedBoardVisitMerge,,,TRUE
dbo,ClientBedBoardVisitMergeTemp,,,TRUE
dbo,ClientClinicalSupport,,,TRUE
dbo,ClientDependent,,,TRUE
dbo,ClientEducation,,,TRUE
dbo,ClientEncounterExt,,,TRUE
dbo,ClientEncounterExtCodes,,,TRUE
dbo,ClientEncounters,,,TRUE
dbo,ClientEpisode,,TRUE,TRUE
dbo,ClientEpisodeFile,,,TRUE
dbo,ClientFile,,TRUE,TRUE
dbo,ClientFormTemplate,,,TRUE
dbo,ClientGeoAreas,,TRUE,TRUE
dbo,ClientImage,,TRUE,TRUE
dbo,ClientImplantableDevice,,,TRUE
dbo,ClientInsQualifyingCriterias,,,TRUE
dbo,ClientInsurance,,TRUE,TRUE
dbo,ClientInsuranceCopay,,,TRUE
dbo,ClientInsuranceCopayVisitType,,,TRUE
dbo,ClientInsuranceCopayVisitTypeGroup,,,TRUE
dbo,ClientInsuranceEligibility,,,TRUE
dbo,ClientInsuranceLog,,,TRUE
dbo,ClientInsVisitType,,,TRUE
dbo,ClientLiability,,TRUE,TRUE
dbo,ClientLiabilityDiscountGroup,,,TRUE
dbo,clientliabtodelete,TRUE,,TRUE
dbo,ClientMedicalProfile,,TRUE,TRUE
dbo,ClientMedicalProfileImmunization,,,TRUE
dbo,ClientMedicalProfileMedicalCondition,,,TRUE
dbo,ClientMedicalProfileMedicalConditionDependent,,,TRUE
dbo,ClientMessage,,,TRUE
dbo,ClientMMEFData,,,TRUE
dbo,ClientMMEFRecord,,,TRUE
dbo,ClientMMEFStatus,,,TRUE
dbo,ClientMmefUpload,,,TRUE
dbo,ClientNavigation,,,TRUE
dbo,ClientNote,,TRUE,TRUE
dbo,ClientNotification,,TRUE,TRUE
dbo,ClientNotificationTelevox,,,TRUE
dbo,ClientNotificationType,,TRUE,TRUE
dbo,ClientOutcome,,TRUE,TRUE
dbo,ClientPaymentPlan,,,TRUE
dbo,ClientPaymentPlanAttachment,,,TRUE
dbo,ClientPaymentPlanGroup,,,TRUE
dbo,ClientPaymentPlanNote,,,TRUE
dbo,ClientPaymentPlanSignature,,,TRUE
dbo,ClientPrograms,,TRUE,TRUE
dbo,ClientProviders,,TRUE,TRUE
dbo,ClientProvidersPeriods,,,TRUE
dbo,Clients,,TRUE,TRUE
dbo,ClientsExt,,TRUE,TRUE
dbo,ClientStatus,,TRUE,TRUE
dbo,ClientUser,,,TRUE
dbo,ClientVisit,,TRUE,TRUE
dbo,ClientVisitApproval,,,TRUE
dbo,ClientVisitBilling,,TRUE,TRUE
dbo,ClientVisitBillingDeleted,,,TRUE
dbo,ClientVisitClaimNote,,,TRUE
dbo,ClientVisitDeleted,,TRUE,TRUE
dbo,ClientVisitDiagnosis,,,TRUE
dbo,ClientVisitEmployee,,TRUE,TRUE
dbo,ClientVisitExchanged,,,TRUE
dbo,ClientVisitExternalUrls,,,TRUE
dbo,ClientVisitExternalUrlTypes,,,TRUE
dbo,ClientVisitFile,,TRUE,TRUE
dbo,ClientVisitFormGroupProgram,,,TRUE
dbo,ClientVisitInfoBlockingExceptions,,,TRUE
dbo,ClientVisitInsurance,,TRUE,TRUE
dbo,ClientVisitOrphan,,,TRUE
dbo,ClientVisitPicture,,,TRUE
dbo,ClientVisitReportFileName,,,TRUE
dbo,ClientVisitRtfXml,,,TRUE
dbo,ClientVisitSignaturesHistory,,,TRUE
dbo,ClientVisitTemp,,TRUE,TRUE
dbo,ClientVisitTempFile,,,TRUE
dbo,ClientVisitTempSignatures,,,TRUE
dbo,ClientVisitTransportation,,,TRUE
dbo,ClientVisitTypeGroup,,,TRUE
dbo,ClientWarning,,TRUE,TRUE
dbo,ClientWarningLevel,,,TRUE
dbo,ClinicalOrigin,,,TRUE
dbo,ClinicalSupport,,,TRUE
dbo,ClinicalSupportAllergy,,,TRUE
dbo,ClinicalSupportAxis1ID,,,TRUE
dbo,ClinicalSupportAxis2ID,,,TRUE
dbo,ClinicalSupportAxisCode,,,TRUE
dbo,ClinicalSupportFile,,,TRUE
dbo,ClinicalSupportICD10Code,,,TRUE
dbo,ClinicalSupportLab,,,TRUE
dbo,ClinicalSupportMed,,,TRUE
dbo,ClinicalSupportMedClass,,,TRUE
dbo,ClinicalSupportSecurity,,,TRUE
dbo,Colors,,TRUE,TRUE
dbo,Component,,TRUE,TRUE
dbo,ComponentExtendedField,,TRUE,TRUE
dbo,Contacts,,TRUE,TRUE
dbo,ContactsHistory,,,TRUE
dbo,ContactType,,TRUE,TRUE
dbo,Conversion,,TRUE,TRUE
dbo,ConversionAction,,,TRUE
dbo,ConversionStep,,,TRUE
dbo,ConversionStepProperty,,,TRUE
dbo,CPCustomElement,,,TRUE
dbo,CPCustomElementCustomExtended,,,TRUE
dbo,CPDisciplineCustomElement,,,TRUE
dbo,CPExtendedField,,,TRUE
dbo,CPStatusLookup,,,TRUE
dbo,CredentialGroup,,TRUE,TRUE
dbo,Credentials,,TRUE,TRUE
dbo,CrediblePlan,,TRUE,TRUE
dbo,CrediblePlanImport,,,TRUE
dbo,CrediblePlanRuleSetApprovalProcess,,TRUE,TRUE
dbo,CustomElement,,,TRUE
dbo,CustomElementCustomExtended,,,TRUE
dbo,Customers,,,TRUE
dbo,CustomLists,,TRUE,TRUE
dbo,CustomRedx,,,TRUE
dbo,CustomRedXMatrix,,,TRUE
dbo,CustomRedXPayers,,,TRUE
dbo,CustomRedXPrograms,,,TRUE
dbo,CustomRedXSelectedDays,,,TRUE
dbo,CustomRedXVisitTypes,,,TRUE
dbo,CustomWileyGoal,,,TRUE
dbo,CustomWileyGroup,,,TRUE
dbo,CustomWileyIntervention,,,TRUE
dbo,CustomWileyObjective,,,TRUE
dbo,CustomWileyProblem,,,TRUE
dbo,DataDict,,TRUE,TRUE
dbo,DataDictProgram,,,TRUE
dbo,DataDictTable,,,TRUE
dbo,DataItems,TRUE,,TRUE
dbo,DaylightSavingTime,,,TRUE
dbo,DBUpdate,,,TRUE
dbo,DebuggingLog,,,TRUE
dbo,DebugLog,,,TRUE
dbo,DeviceButton,,,TRUE
dbo,DeviceConfig,,,TRUE
dbo,DeviceLog,,,TRUE
dbo,Dimensions,,,TRUE
dbo,DischargeStatus,,,TRUE
dbo,Discipline,,,TRUE
dbo,DisciplineCustomElement,,,TRUE
dbo,dtproperties,,,TRUE
dbo,DynamicFormGroup,,,TRUE
dbo,EmarAdminTime,,,TRUE
dbo,EmarConfig,,,TRUE
dbo,EmarGroup,,TRUE,TRUE
dbo,EmarGroupClients,,TRUE,TRUE
dbo,EmarGroupEmployees,,TRUE,TRUE
dbo,EmarPatientResponse,,,TRUE
dbo,EmarPillbox,,,TRUE
dbo,EmarReasonsForUnusedMedication,,,TRUE
dbo,EmarTypes,,,TRUE
dbo,EmarValues,,,TRUE
dbo,EmpApprovalRole,,,TRUE
dbo,EmpConfig,,,TRUE
dbo,EmpImage,,,TRUE
dbo,EmployeeAltID,,TRUE,TRUE
dbo,EmployeeAsamAccess,,,TRUE
dbo,EmployeeBedBoardAssignment,,TRUE,TRUE
dbo,EmployeeBillingGroups,,,TRUE
dbo,EmployeeClients,,TRUE,TRUE
dbo,EmployeeCredential,,TRUE,TRUE
dbo,EmployeeDataDict,,,TRUE
dbo,EmployeeDea,,,TRUE
dbo,EmployeeEhr,,,TRUE
dbo,EmployeeFile,,,TRUE
dbo,EmployeeGeoAreas,,TRUE,TRUE
dbo,EmployeeHours,,TRUE,TRUE
dbo,EmployeeLogin,,TRUE,TRUE
dbo,EmployeeMessage,,,TRUE
dbo,EmployeeMessageLog,,,TRUE
dbo,EmployeePrograms,,TRUE,TRUE
dbo,Employees,,TRUE,TRUE
dbo,EmployeeSchedule,,,TRUE
dbo,EmployeeScheduleTemplate,,,TRUE
dbo,EmployeeSignature,,TRUE,TRUE
dbo,EmployeesLog,,,TRUE
dbo,EmployeeStatus,,TRUE,TRUE
dbo,EmployeeStorage,,,TRUE
dbo,EmployeeSupervisor,,TRUE,TRUE
dbo,EmployeeTimeClock,,,TRUE
dbo,EmpMessage,,,TRUE
dbo,EmpNote,,,TRUE
dbo,EmpRecentClient,,,TRUE
dbo,EmpVisit,,TRUE,TRUE
dbo,EmpVisitDocumentationVersion,,,TRUE
dbo,EmpVisitSignaturesHistory,,,TRUE
dbo,EmpVisitType,,TRUE,TRUE
dbo,EntityClinicalOrigin,,,TRUE
dbo,EpisodeBillingCodes,,,TRUE
dbo,EpisodeBillingCodesTemp,,,TRUE
dbo,EpisodeStatus,,,TRUE
dbo,ErrorLog,,,TRUE
dbo,ErrorManagementRuleConfig,,,TRUE
dbo,ErrorProcessLog,,,TRUE
dbo,EVVLocationTypes,,,TRUE
dbo,ExportBatch,,,TRUE
dbo,ExportBuilder,,TRUE,TRUE
dbo,ExportBuilderItem,,,TRUE
dbo,ExportLog,,,TRUE
dbo,ExportWSUser,,,TRUE
dbo,ExportWSUserExportBuilder,,,TRUE
dbo,ExportWSUserPW,,,TRUE
dbo,ExportWSUserPWHistory,,,TRUE
dbo,ExtendedField,,,TRUE
dbo,ExternalCodeIdentifier,,,TRUE
dbo,FileFolder,,,TRUE
dbo,FileFolderTeams,,,TRUE
dbo,FileNames,,,TRUE
dbo,Files,,TRUE,TRUE
dbo,FileType,,,TRUE
dbo,FormDataDict,,,TRUE
dbo,FormGroup,,,TRUE
dbo,FormGroupProgram,,,TRUE
dbo,FormGroupVisittype,,,TRUE
dbo,FormMappingFields,,,TRUE
dbo,FormMappingSection,,,TRUE
dbo,Forms,,TRUE,TRUE
dbo,FormTemplate,,,TRUE
dbo,FormVersion,,TRUE,TRUE
dbo,FosterHome,,,TRUE
dbo,FosterHomeInterval,,,TRUE
dbo,FosterHomeIntervalDay,,,TRUE
dbo,Fund,,TRUE,TRUE
dbo,FundAllocation,,,TRUE
dbo,FundBudget,,,TRUE
dbo,FundFundType,,,TRUE
dbo,FundType,,,TRUE
dbo,GAIN_Assessments,,,TRUE
dbo,GAIN_Clients,,,TRUE
dbo,Gender,,TRUE,TRUE
dbo,GeoAreas,,TRUE,TRUE
dbo,GridConfig,,,TRUE
dbo,Groups,,TRUE,TRUE
dbo,HL7Config,,,TRUE
dbo,HL7CredibleMap,,,TRUE
dbo,HL7EmailConfig,,,TRUE
dbo,HL7EmailNotificationType,,,TRUE
dbo,HL7Map,,,TRUE
dbo,HL7Segment,,,TRUE
dbo,HL7Settings,,,TRUE
dbo,HL7StagingData,,,TRUE
dbo,ICD10Recode,TRUE,,TRUE
dbo,Icd9cm,,,TRUE
dbo,IdGen,,,TRUE
dbo,IdGen2,,,TRUE
dbo,ImportAuthorizations,,,TRUE
dbo,ImportBuilder,,,TRUE
dbo,ImportBuilderItem,,,TRUE
dbo,ImportClientAxis,,,TRUE
dbo,ImportClientFile,,,TRUE
dbo,ImportClientProblemList,,,TRUE
dbo,ImportClientVisit,,,TRUE
dbo,ImportClientVisitDiagnosis,,,TRUE
dbo,ImportClientVisitFile,,,TRUE
dbo,ImportELabs,,,TRUE
dbo,ImportPlanner,,,TRUE
dbo,ImportTxPlus,,,TRUE
dbo,IntegrationDataSyncConfigurationLocations,TRUE,,TRUE
dbo,IntegrationDataSyncConfigurations,TRUE,,TRUE
dbo,IntegrationEventTypes,TRUE,,TRUE
dbo,IntegrationMessageDestinations,TRUE,,TRUE
dbo,IntegrationMessages,TRUE,,TRUE
dbo,IntegrationMessageStatus,TRUE,,TRUE
dbo,LedgerExternalId,TRUE,,TRUE
dbo,LedgerExternald,TRUE,,TRUE
dbo,LiabilityAssetAllowanceMatrix,,,TRUE
dbo,LiabilityFee,,,TRUE
dbo,LiabilityFeeDetail,,,TRUE
dbo,LiabilityFile,,,TRUE
dbo,LiabilityGroup,,,TRUE
dbo,LiabilitySlidingFeeMatrix,,,TRUE
dbo,LiabilityUMDAPMatrix,,,TRUE
dbo,Link,,TRUE,TRUE
dbo,LinkVariables,,,TRUE
dbo,Location,,TRUE,TRUE
dbo,LoginLog,,,TRUE
dbo,LoginLogArch,,,TRUE
dbo,LookupDict,,TRUE,TRUE
dbo,LookupDictCat,,,TRUE
dbo,LULiabilityFinancialType,,,TRUE
dbo,LULiabilityProgram,,,TRUE
dbo,LULiabilitySuppressPrintReason,,,TRUE
dbo,LULiabilityUnverifiedIncomeReason,,,TRUE
dbo,MaritalStatus,,TRUE,TRUE
dbo,MassHiwayCansLog,,,TRUE
dbo,MassHiwayCansVisit,,,TRUE
dbo,MasterRuleList,,,TRUE
dbo,MCOBillingConfigMap,,,TRUE
dbo,MCOPaymentBillingGroups,,,TRUE
dbo,MED_IP_Actions,,,TRUE
dbo,MED_IP_Dosage_Unit,,,TRUE
dbo,MED_IP_Pharmacy,,,TRUE
dbo,MED_IP_Route_Of_Administration,,,TRUE
dbo,MED_IP_SigCode,,,TRUE
dbo,MedEligibility,,,TRUE
dbo,MedFormulary,,,TRUE
dbo,MedHistory,,,TRUE
dbo,MedicalCondition,,,TRUE
dbo,MedicationReconciliationVerification,,,TRUE
dbo,MedInventory,,,TRUE
dbo,MedInventoryHistory,,,TRUE
dbo,MedRecGridFilter,,,TRUE
dbo,MedRecHeader,,,TRUE
dbo,MedRecMed,,,TRUE
dbo,MedRecMedNote,,,TRUE
dbo,MedRecNote,,,TRUE
dbo,MedRecVerificationSource,,,TRUE
dbo,MedReviews,,,TRUE
dbo,Meds,,TRUE,TRUE
dbo,MedSchedule,,,TRUE
dbo,MedSchedule_Backup_08022021,TRUE,,TRUE
dbo,MedSchedule_Backup_080321,TRUE,,TRUE
dbo,MedScheduleAdminTimes,,,TRUE
dbo,MedScheduleData,,,TRUE
dbo,MedScheduleData2,,,TRUE
dbo,MedsDrugClassification,,,TRUE
dbo,MedSeverityLevel,,,TRUE
dbo,MedsStatus,,TRUE,TRUE
dbo,MessageErrorCodes,,,TRUE
dbo,MessageProcess,,,TRUE
dbo,MessageProcessStatus,,,TRUE
dbo,MessageProcessStatusChange,,,TRUE
dbo,MessageProcessStatusLog,,,TRUE
dbo,MethasoftMapping,,,TRUE
dbo,MetricsReporting,,,TRUE
dbo,MetricsReportingRange,,,TRUE
dbo,MIAInpatientAdjudicationCodes,,,TRUE
dbo,MOAOutpatientAdjudicationCodes,,,TRUE
dbo,MU_ClientSummary,,,TRUE
dbo,MyCW,,TRUE,TRUE
dbo,MyCWLink,,,TRUE
dbo,MyCWLinkEmp,,,TRUE
dbo,MyCWLinkProfile,,,TRUE
dbo,MyCWLinkTeam,,,TRUE
dbo,MyCWMessage,,,TRUE
dbo,MyCWMessageProfile,,,TRUE
dbo,MyCWMessageTeam,,,TRUE
dbo,MyCWStats,,,TRUE
dbo,MyCWStatsEmp,,,TRUE
dbo,MyCWStatsProfile,,,TRUE
dbo,MyCWStatsTeam,,,TRUE
dbo,MyCWTitle,,,TRUE
dbo,Notification,,TRUE,TRUE
dbo,NotificationEvent,,TRUE,TRUE
dbo,NotificationEventClinic,,,TRUE
dbo,NotificationEventPrescriber,,,TRUE
dbo,NotificationRecurrence,,TRUE,TRUE
dbo,NotificationTrigger,,TRUE,TRUE
dbo,Numbers,,TRUE,TRUE
dbo,OrderCategory,,,TRUE
dbo,OrderCounterSign,,,TRUE
dbo,OrderLineItem,,TRUE,TRUE
dbo,OrderLineItemMedication,,,TRUE
dbo,OrderLineItemMedIp,,,TRUE
dbo,OrderLineItemNote,,,TRUE
dbo,OrderLineItemOrderType,,,TRUE
dbo,OrderOutcomeType,,TRUE,TRUE
dbo,OrderRecurrencePattern,,,TRUE
dbo,OrderRecurrencePatternHistory,,,TRUE
dbo,Orders,,TRUE,TRUE
dbo,OrderType,,,TRUE
dbo,OutboundMessageSummary,,,TRUE
dbo,PartnerPortalProcessComplete,,,TRUE
dbo,PartnerPortalStaging,,,TRUE
dbo,PatientEducationMedList,,,TRUE
dbo,Payer,,TRUE,TRUE
dbo,PayerBpt,,,TRUE
dbo,PayerConstraintsTemp,,,TRUE
dbo,PayerPlanType,,,TRUE
dbo,PayerProfileAttachment,,,TRUE
dbo,PayerProfileContract,,,TRUE
dbo,PayerProfileNote,,,TRUE
dbo,PayerRenderingEmployee,,,TRUE
dbo,PayerRenderingEmployeeVisitType,,,TRUE
dbo,PayerServiceAccount,,,TRUE
dbo,PdmpMedGroup,,,TRUE
dbo,PdmpNote,,,TRUE
dbo,PdmpProfile,,,TRUE
dbo,PdmpResponse,,,TRUE
dbo,PdmpReview,,,TRUE
dbo,PdmpRule,,,TRUE
dbo,PdmpSettings,,,TRUE
dbo,Planner,,TRUE,TRUE
dbo,PlannerArchive,,,TRUE
dbo,PlannerClient,,TRUE,TRUE
dbo,PlannerClientDeleted,,,TRUE
dbo,PlannerDeleted,,,TRUE
dbo,PlannerEmp,,,TRUE
dbo,PlannerGroup,,TRUE,TRUE
dbo,PlannerGroupClient,,TRUE,TRUE
dbo,PlannerGroupProgram,,,TRUE
dbo,PlannerRecurrence,,,TRUE
dbo,PlannerTemplate,,,TRUE
dbo,PlannerTemplateEmployee,,,TRUE
dbo,PlannerTemplateLine,,,TRUE
dbo,PlannerTemplateRecurrence,,,TRUE
dbo,PlanSnapshot,,,TRUE
dbo,PlanTreeElement,,,TRUE
dbo,PlanTreeElementCustomExtended,,,TRUE
dbo,PlanType,,TRUE,TRUE
dbo,PlanTypeDetail,,,TRUE
dbo,PQRI,,,TRUE
dbo,PQRIOutcome,,,TRUE
dbo,PredefinedRedX,,,TRUE
dbo,PredefinedRedXCredential,,,TRUE
dbo,PredefinedRedXPayer,,,TRUE
dbo,PredefinedRedXProgram,,,TRUE
dbo,PredefinedRedXRecipientType,,,TRUE
dbo,PredefinedRedXRequiredNumberOfVisits,,,TRUE
dbo,PredefinedRedXRequiredRecipientType,,,TRUE
dbo,PredefinedRedXRequiredVisitType,,,TRUE
dbo,PredefinedRedXReviewStatus,,,TRUE
dbo,PredefinedRedXVisitType,,,TRUE
dbo,PriorAuthorizationTransactionLog,,,TRUE
dbo,Profile,,TRUE,TRUE
dbo,Profile_Bak,,,
dbo,ProfileReports,,,TRUE
dbo,profilereports_bkup,,,
dbo,ProfileSecurity,,TRUE,TRUE
dbo,ProfileSecurity_Bak,,,
dbo,ProfileSecurityStage,,,TRUE
dbo,ProfileStage,,,TRUE
dbo,ProfileSuppressMedSeverityLevel,,,TRUE
dbo,ProgramRole,,TRUE,TRUE
dbo,Programs,,TRUE,TRUE
dbo,ProgramTxPlusCategories,,,TRUE
dbo,Providers,,TRUE,TRUE
dbo,ProviderTaxonomy,,,TRUE
dbo,ProviderTypes,,TRUE,TRUE
dbo,PurgeClientLog,,,TRUE
dbo,QcAssignPayerTypes,,,TRUE
dbo,QcAssignVisitTypes,,,TRUE
dbo,QcBenefits,,,TRUE
dbo,QcCategories,,,TRUE
dbo,QcQualifyingCriterias,,,TRUE
dbo,Question,,TRUE,TRUE
dbo,QuestionFormat,,TRUE,TRUE
dbo,QuestionValidation,,,TRUE
dbo,RealVisitStatus,,,TRUE
dbo,RecipientType,,TRUE,TRUE
dbo,RelationshipType,,TRUE,TRUE
dbo,Releases,,,TRUE
dbo,RemittanceAdviceRemarkCodes,,,TRUE
dbo,ReportPrompts,,,TRUE
dbo,ReportPrompts_bkup,,,
dbo,Reports,,TRUE,TRUE
dbo,Reports_bkup,,,
dbo,ReportScrubberMessages,,,TRUE
dbo,ReportSnapshot,,,TRUE
dbo,ReportUsage,,,TRUE
dbo,ReportUsagePrompts,,,TRUE
dbo,ResidenceType,,TRUE,TRUE
dbo,RevenueCode,,,TRUE
dbo,RevenueConfig,,,TRUE
dbo,Roles,,TRUE,TRUE
dbo,RuleSet,,,TRUE
dbo,RuleSetApprovalProcess,,,TRUE
dbo,RxClientPharmacies,,TRUE,TRUE
dbo,RxCommonMeds,,,TRUE
dbo,RxCommonPharmacies,,,TRUE
dbo,RxEmployeePharmacies,,,TRUE
dbo,RxRefillNoRequest,,,TRUE
dbo,RxRequestType,,,TRUE
dbo,RxSavedSigs,,,TRUE
dbo,SavedCreditCard,,,TRUE
dbo,SavedDocDeleted,,,TRUE
dbo,SavedDocRelinked,,,TRUE
dbo,SavedDocumentation,,,TRUE
dbo,SavedDocumentationTemp,,,TRUE
dbo,SavedEmpVisitAnswerHistory,,,TRUE
dbo,SavedEmpVisitAnswerNoteHistory,,,TRUE
dbo,SavedEmpVisitCategoryNoteHistory,,,TRUE
dbo,SavedGoldenThread,,,TRUE
dbo,SavedVisitAnswer,,TRUE,TRUE
dbo,SavedVisitAnswerTemp,TRUE,,TRUE
dbo,SavedVisitAnswerArch,,,TRUE
dbo,SavedVisitAnswerHistory,,,TRUE
dbo,SavedVisitAnswerNote,,TRUE,TRUE
dbo,SavedVisitAnswerNoteArch,,,TRUE
dbo,SavedVisitAnswerNoteHistory,,,TRUE
dbo,SavedVisitAnswerSerializedData,,,TRUE
dbo,SavedVisitAnswerTempSerializedData,,,TRUE
dbo,SavedVisitCatDuration,,,TRUE
dbo,SavedVisitCategory,,,TRUE
dbo,SavedVisitCategoryArch,,,TRUE
dbo,SavedVisitCategoryNote,,,TRUE
dbo,SavedVisitCategoryNoteArch,,,TRUE
dbo,SavedVisitCategoryNoteHistory,,,TRUE
dbo,SavedVisitCatVoiceNote,,,TRUE
dbo,SavedVisitDiagnosis,,,TRUE
dbo,SavedVisitMapping,,TRUE,TRUE
dbo,SavedVisitMappingArchive,,,TRUE
dbo,SavedVisitMappingArchiveSerializedData,,,TRUE
dbo,SavedVisitMappingSerializedData,,,TRUE
dbo,SavedVisitMappingTempSerializedData,,,TRUE
dbo,SavedVisitTxPlusAnswer,,,TRUE
dbo,SchoolCode,,,TRUE
dbo,SearchClientsSaves,,,TRUE
dbo,SearchEmpsSaves,,,TRUE
dbo,SearchLedgerSaves,,,TRUE
dbo,SearchVisitsSaves,,,TRUE
dbo,Security,,TRUE,TRUE
dbo,Security_Bak,,,
dbo,SecurityStage,,,TRUE
dbo,SecurityToken,,,TRUE
dbo,ShiftActions,,,TRUE
dbo,ShiftEmployee,,,TRUE
dbo,ShiftExceptions,,,TRUE
dbo,Shifts,,,TRUE
dbo,SSAResponse,,,TRUE
dbo,State,,TRUE,TRUE
dbo,StateGridAppointmentType,,,TRUE
dbo,StateGridEncounterType,,,TRUE
dbo,StateGridLocationSetting,,,TRUE
dbo,StateGridProcedureServiceCategory,,,TRUE
dbo,StateGridRecipient,,,TRUE
dbo,StateGridStaffType,,,TRUE
dbo,StatementConfig,,,TRUE
dbo,StateReportingData,,,TRUE
dbo,StateReportingDataExt,,,TRUE
dbo,StateReportingDataNote,,,TRUE
dbo,StateReportingGrid,,,TRUE
dbo,StateReportingResponse,,,TRUE
dbo,StatusLookup,,,TRUE
dbo,Structure,,TRUE,TRUE
dbo,SureScriptsMedHistory,,,TRUE
dbo,Team,,TRUE,TRUE
dbo,TeamBillingGroups,,,TRUE
dbo,TeamClient,,TRUE,TRUE
dbo,TeamEmployee,,TRUE,TRUE
dbo,TeamProgram,,TRUE,TRUE
dbo,TeamSupervisor,,TRUE,TRUE
dbo,TempEmpMessageConfig,TRUE,,TRUE
dbo,Template,,TRUE,TRUE
dbo,TemplateEmployee,,,TRUE
dbo,TimeChange,,,TRUE
dbo,TimeClock,,,TRUE
dbo,TimeZone,,,TRUE
dbo,ToDoList,,TRUE,TRUE
dbo,TransactionLog,,,TRUE
dbo,TransactionLogHistory,,,TRUE
dbo,TransferLog,,,TRUE
dbo,TransmissionProcess,,,TRUE
dbo,TransmissionProcessStatus,,,TRUE
dbo,TransmissionProcessStatusChange,,,TRUE
dbo,TransmissionStatusLog,,,TRUE
dbo,TrueFalse,,,TRUE
dbo,TxCategory,,,TRUE
dbo,TxPlans,,TRUE,TRUE
dbo,TxPlansLog,,,TRUE
dbo,TxPlus,,TRUE,TRUE
dbo,TxPlus_Bkup,,,
dbo,TxPlusExtended,,,TRUE
dbo,TxPlusExtended_Saved_Answer,,,TRUE
dbo,TxPlusExtended_Saved_Answer_Temp,,,TRUE
dbo,TxPlusGoals,,,TRUE
dbo,TxPlusGoals_Bkup,,,
dbo,TxPlusInterventions,,,TRUE
dbo,TxPlusInterventions_Bkup,,,
dbo,TxPlusObjectives,,,TRUE
dbo,TxPlusObjectives_Bkup,,,
dbo,TxPlusProblems,,,TRUE
dbo,TxPlusProblems_Bkup,,,
dbo,TxPlusProblemsAxisCodes,,,TRUE
dbo,TxPlusProblemsAxisCodes_Bkup,,,
dbo,TxPlusStatus,,,TRUE
dbo,VisitDocumentationVersion,,,TRUE
dbo,VisitDurationError,,,TRUE
dbo,VisitMessage,,,TRUE
dbo,VisitStatus,,TRUE,TRUE
dbo,VisitType,,TRUE,TRUE
dbo,VisitTypeFlexType,,,TRUE
dbo,VisitTypeGroup,,TRUE,TRUE
dbo,VisitTypeGroupVisitType,,,TRUE
dbo,VP_Orchestration,,,TRUE
dbo,VP_Orchestration_Action,,,TRUE
dbo,VP_Orchestration_Step,,,TRUE
dbo,VP_Orchestration_Step_Property,,,TRUE
dbo,VP_UniqueDataDefinition,,,TRUE
dbo,WaMSProviderList,,,TRUE
dbo,WebFormProcessedClientInfo,,,TRUE
dbo,WhiteBoardNotes,,,TRUE
dbo,WHODASDomains,,,TRUE
dbo,Z_270_L2000A_Source,,,TRUE
dbo,Z_270_L2000B_Receiver,,,TRUE
dbo,Z_270_L2000C_Subscriber,,,TRUE
dbo,Z_270_L2000D_Dependent,,,TRUE
dbo,Z_270_L2010A_Source,,,TRUE
dbo,Z_270_L2010B_Receiver,,,TRUE
dbo,Z_270_L2010C_Subscriber,,,TRUE
dbo,Z_270_L2010D_Dependent,,,TRUE
dbo,Z_271_Benefit_Types,,TRUE,TRUE
dbo,Z_271_Insurance_Types,,TRUE,TRUE
dbo,Z_271_Rejection_Reason,,,TRUE
dbo,Z_271_Service_Type_Code,,,TRUE
dbo,Z_834_L1000A_Sponsor_Name,,,TRUE
dbo,Z_834_L1000B_Payer,,,TRUE
dbo,Z_834_L1000C_Broker,,,TRUE
dbo,Z_834_L1100C_Broker_Account,,,TRUE
dbo,Z_834_L2000_Member,,,TRUE
dbo,Z_834_L2100A_Member_Name,,,TRUE
dbo,Z_834_L2100B_Incorrect_Member_Name,,,TRUE
dbo,Z_834_L2100C_Member_Mailing_Address,,,TRUE
dbo,Z_834_L2100D_Member_Employer,,,TRUE
dbo,Z_834_L2100E_Member_School,,,TRUE
dbo,Z_834_L2100F_Custodial_Parent,,,TRUE
dbo,Z_834_L2100G_Responsible_Person,,,TRUE
dbo,Z_834_L2200_Disability_Info,,,TRUE
dbo,Z_834_L2300_Health_Coverage,,,TRUE
dbo,Z_834_L2310_Provider_Info,,,TRUE
dbo,Z_834_L2320_COB,,,TRUE
dbo,Z_AdjustmentCode,,TRUE,TRUE
dbo,Z_AdjustmentType,,TRUE,TRUE
dbo,Z_AgingIntervals,,,TRUE
dbo,Z_Batch,,,TRUE
dbo,Z_BatchDeleted,,,TRUE
dbo,Z_BillingGroups,,TRUE,TRUE
dbo,Z_Claim,,TRUE,TRUE
dbo,Z_ClaimAdj,,,TRUE
dbo,Z_ClaimDeleted,,,TRUE
dbo,Z_ClientBilled,,,TRUE
dbo,Z_ClientBilled_ol,,,
dbo,z_clientstatement_omr,,,TRUE
dbo,z_clientstatement_omr_type,,,TRUE
dbo,Z_CMS,,,TRUE
dbo,Z_CMS_byemployee,,,TRUE
dbo,Z_CMSClaim,,,TRUE
dbo,Z_CMSClaimTemp,,,TRUE
dbo,Z_Demographics,,,TRUE
dbo,Z_Eligibility,,TRUE,TRUE
dbo,Z_EligibilityBatch,,TRUE,TRUE
dbo,Z_EligibilityFormularyBenefit,,,TRUE
dbo,Z_EligibilityInfo,,TRUE,TRUE
dbo,Z_EligibilityInfoDate,,TRUE,TRUE
dbo,Z_EligibilityInfoMessage,,,TRUE
dbo,Z_EligibilityInfoReference,,,TRUE
dbo,Z_EligibilityInfoSubscriberBenefit,,,TRUE
dbo,Z_Enrollment,,,TRUE
dbo,Z_EnrollmentBatch,,,TRUE
dbo,Z_LedgerBatch,,TRUE,TRUE
dbo,Z_Load271,,TRUE,TRUE
dbo,Z_Load835,,,TRUE
dbo,Z_Load835Item,,TRUE,TRUE
dbo,Z_Load835ItemAdj,,,TRUE
dbo,Z_load835itemdj,,,TRUE
dbo,Z_load835itemdj_orphans,,,
dbo,Z_load835itemMIAMOA,,,TRUE
dbo,Z_Load835Log,,,TRUE
dbo,Z_LookupDict,,TRUE,TRUE
dbo,Z_LookupDictCat,,,TRUE
dbo,Z_MCOBatch,,,TRUE
dbo,Z_OpenEdgeLocation,,,TRUE
dbo,Z_OpenEdgeLog,,,TRUE
dbo,Z_Outsource_Billing_File_Control,,,TRUE
dbo,Z_Outsource_Billing_File_Control_Load_Id,,,TRUE
dbo,Z_PastDueMessage,,,TRUE
dbo,Z_PayerType,,TRUE,TRUE
dbo,Z_Payment,,TRUE,TRUE
dbo,Z_Payment_Balance_As_Of,,,TRUE
dbo,Z_Payment_PLB,,,TRUE
dbo,Z_PaymentControl,,,TRUE
dbo,Z_PaymentDeleted,,,TRUE
dbo,Z_PaymentThirdPartyProvider,,,TRUE
dbo,Z_RemittanceCode,,,TRUE
dbo,Z_RetrievedFiles,,,TRUE
dbo,Z_ServiceLedger,,TRUE,TRUE
dbo,Z_ServiceLedgerArch,,,TRUE
dbo,Z_ServiceLedgerCorrection,,,TRUE
dbo,Z_ServiceLedgerPrefix,,,TRUE
dbo,Z_ServiceLedgerReprocess,,,TRUE
dbo,Z_ServiceLedgerType,,TRUE,TRUE
dbo,Z_Statement_ol,,,
dbo,Z_StatementBatch,,,TRUE
dbo,Z_StatementBatch_ol,,,
dbo,Z_StatementCharges_ol,,,
dbo,Z_StatementPayments_ol,,,
dbo,Z_Status,,,TRUE
dbo,Z_UB04,,,TRUE
dbo,Z_UB04Claim,,,TRUE
dbo,ZipCode,,TRUE,TRUE
elabs,ELabOrderDiagnosis,,,TRUE
elabs,ELabOrderLineItem,,,TRUE
elabs,ELabOrderTest,,,TRUE
elabs,ELabOrderTestGroup,,,TRUE
elabs,ELabOrderType,,,TRUE
elabs,ElabsResultsGridConfigSettings,,,TRUE
elabs,ELabsResultsToDo,,,TRUE
elabs,ELabTestDiagnosis,,,TRUE
elabs,OrderReason,,,TRUE
elabs,PayerType,,TRUE,TRUE
elabs,SavedDiagnosis,,,TRUE
elabs,SendType,,,TRUE
elabs,TestGroup,,,TRUE
elabs,TestGroupTest,,,TRUE
elabs,TestGroupUser,,,TRUE
emar,MedAdminCountBalance,,,TRUE
emar,MedAdminLookupDict,,,TRUE
emar,MedAdminReconciliation,,,TRUE
emar,MedAdminReconciliationDetails,,,TRUE
emar,MedAdminSchedule,,,TRUE
emar,MedScheduleDesign,,,TRUE
emar,MedScheduleRecurrence,,,TRUE
emar,ScheduleAdminTimes,,,TRUE
epa,EmployeePriorAuthSettings,,,TRUE
epa,EpaTransaction,,,TRUE
epa,HeldRxTransaction,,,TRUE
ham,HighAlertMed,,,TRUE
ham,HighAlertMedDetail,,,TRUE
ham,HighAlertMedLookup,,,TRUE
ic,ClientDischargeDraft,,,TRUE
ic,DischargeDraftCodeExclusion,,,TRUE
ic,DischargeDraftExclusion,,,TRUE
im,ClientUserMessage,,,TRUE
im,ClosedConversations,,,TRUE
im,ClosedMessages,,,TRUE
im,Conversations,,,TRUE
im,EmployeeUserMessage,,,TRUE
im,UserMessage,,,TRUE
lab,Facility,,TRUE,TRUE
lab,Lab_Order,,,TRUE
lab,Report_Accession,,,TRUE
lab,Report_Accession_Comment,,,TRUE
lab,Report_Attachment,,,TRUE
lab,Report_Attachment_Types,,,TRUE
lab,Report_Image,,,TRUE
lab,Report_Procedure,,,TRUE
lab,Report_Procedure_Comment,,,TRUE
lab,Report_Result,,,TRUE
lab,Report_Result_Comment,,,TRUE
lab,Report_Search,,,TRUE
lab,Report_Test,,,TRUE
lab,ResultsFetchingLog,,,TRUE
medhx,ClientMedicationHistoryTransaction,,,TRUE
medhx,TransactionMessage,,,TRUE
mobile,AppQuery,,,TRUE
mobile,AppQueryChanges,,,TRUE
mobile,AppSchema,,,TRUE
mobile,AppSchemaChanges,,,TRUE
mobile,AppVersion,,,TRUE
mobile,DeviceRegistration,,,TRUE
mobile,GpsEventLog,,,TRUE
pdmp,Attestation,,,TRUE
pdmp,Provider,,TRUE,TRUE
pdmp,ProviderClinic,,,TRUE
pdmp,Query,,TRUE,TRUE
pdmp,Settings,,TRUE,TRUE
pdmp,ViewReport,,,TRUE
sos,OrderSet,,,TRUE
sos,OrderSetAssignation,,,TRUE
sos,OrderSetCategory,,,TRUE
sos,OrderSetELab,,,TRUE
sos,OrderSetELabDiagnosis,,,TRUE
sos,OrderSetELabLink,,,TRUE
sos,OrderSetELabTest,,,TRUE
sos,OrderSetLine,,,TRUE
sos,OrderSetLineOrderType,,,TRUE
sos,OrderSetMedication,,,TRUE
sos,OrderSetPrescription,,,TRUE
sos,OrderSetStatus,,,TRUE
x12,EntityFileType,,,TRUE
x12,ResponseStatus,,,TRUE
x12,X277,,,TRUE
x12,X277Claim,,,TRUE
x12,X999,,,TRUE
dbo,ClientVisitCCR,TRUE,,TRUE
dbo,ClientVisitSignatures,,TRUE,TRUE
dbo,DarErrMessages,TRUE,,TRUE
dbo,DarErrRecordType,TRUE,,TRUE
dbo,DarExportErrors,TRUE,,TRUE
dbo,DataDictionaryVMAX,TRUE,,TRUE
dbo,ExportBatchItem,TRUE,,TRUE
dbo,MaintenanceMessage,TRUE,,TRUE
dbo,NotificationEmployee,TRUE,TRUE,TRUE
dbo,PartnerConfig,,TRUE,TRUE
dbo,PersonalRestrictedInfo,TRUE,,TRUE
dbo,PreMigrationChangeLogClient,TRUE,,TRUE
dbo,PreMigrationChangeLogClientEpisode,TRUE,,TRUE
dbo,PreMigrationChangeLogClientExt,TRUE,,TRUE
dbo,PreMigrationChangeLogEmployee,TRUE,,TRUE
dbo,PreMigrationDataClient,TRUE,,TRUE
dbo,PreMigrationDataClientEpisode,TRUE,,TRUE
dbo,PreMigrationDataClientEpisode2,TRUE,,TRUE
dbo,PreMigrationDataClientExt,TRUE,,TRUE
dbo,PreMigrationDataDict,TRUE,,TRUE
dbo,PreMigrationDataDictProgram,TRUE,,TRUE
dbo,PreMigrationDataEmployee,TRUE,,TRUE
dbo,PreMigrationFormAnswer,TRUE,,TRUE
dbo,QueryLog,TRUE,,TRUE
dbo,RxBuilder,TRUE,,TRUE
dbo,Signature,TRUE,,TRUE
dbo,Z_EDI_L1000A_Submitter_name,,,TRUE
dbo,Z_EDI_L1000B_Receiver_name,,,TRUE
dbo,Z_EDI_L2000A_Billing_Provider_hl,,,TRUE
dbo,Z_EDI_L2000b_Subscriber_HL,,,TRUE
dbo,Z_EDI_L2000C_Patient_HL,,,TRUE
dbo,Z_EDI_L2010AA_Billing_Provider_Name,,,TRUE
dbo,Z_EDI_L2010AB_Pay_To_Provider_name,,,TRUE
dbo,Z_EDI_L2010Ac_Pay_To_Plan_name,,,TRUE
dbo,Z_EDI_L2010BA_Subscriber_name,,,TRUE
dbo,Z_EDI_L2010BB_Payer_name,,,TRUE
dbo,Z_EDI_L2010BC_Responsible_Party_name,,,TRUE
dbo,Z_EDI_L2010CA_Patient_name,,,TRUE
dbo,Z_EDI_L2300_Claim,,,TRUE
dbo,Z_EDI_L2300_Claim_I,,,TRUE
dbo,Z_edi_L2300_Claim_I_backupPCB,,,TRUE
dbo,Z_EDI_L2300_Claim_I_DTP,,,TRUE
dbo,Z_EDI_L2305_Home_HealthCare,,,TRUE
dbo,Z_EDI_L2310A_Referring_Provider_Name,,,TRUE
dbo,Z_EDI_L2310B_I_Rendering_Provider_Name,,,TRUE
dbo,Z_EDI_L2310B_Rendering_Provider_Name,,,TRUE
dbo,Z_EDI_L2310D_Service_Facility,,,TRUE
dbo,Z_EDI_L2310D_Supervising_Provider,,,TRUE
dbo,Z_EDI_L2310E_Ambulance_Pickup_Location,,,TRUE
dbo,Z_EDI_L2310F_Ambulance_Dropoff_Location,,,TRUE
dbo,Z_EDI_L2320_Other_Subscriber_Information,,,TRUE
dbo,Z_EDI_L2330A_Other_Subscriber_name,,,TRUE
dbo,Z_EDI_L2330B_Other_Payer_Name,,,TRUE
dbo,Icd9cmMaster,,,TRUE
dbo,Icd9_Snomed_Map_1To1,,,TRUE
dbo,Loinc,TRUE,,TRUE
dbo,Partner,,TRUE,TRUE
dbo,Rfmliad0_Icd_All_Desc,,,TRUE
dbo,Rfmlinm1_Icd_Desc,,,TRUE
dbo,ServiceAccount,,,TRUE
dbo,Snomed_PreferredName,,,TRUE
dbo,Snomed_TextDescription,,,TRUE
dbo,ValueSet,,,TRUE
dbo,SavedVisitAnswerNoteTemp,TRUE,,TRUE
dbo,SavedVisitCategoryNoteTemp,TRUE,,TRUE
dbo,SavedVisitCategoryTemp,TRUE,,TRUE
dbo,SavedVisitMappingTemp,TRUE,,TRUE
dbo,SavedVisitTxPlusAnswerTemp,TRUE,,TRUE
dbo,Z_EDI_Config,TRUE,,TRUE
dbo,Z_EDI_Footer1_SE,TRUE,,TRUE
dbo,Z_EDI_Footer2_GE,TRUE,,TRUE
dbo,Z_EDI_Footer3_IEA,TRUE,,TRUE
dbo,Z_EDI_Header1_ISA,TRUE,,TRUE
dbo,Z_EDI_Header2_GS,TRUE,,TRUE
dbo,Z_EDI_Header3_ST,TRUE,,TRUE
dbo,Z_EDI_Header4_BGN,TRUE,,TRUE
dbo,Z_EDI_Header4_BHT,TRUE,,TRUE
dbo,Z_EDI_L2400_Service_Line,TRUE,,TRUE
dbo,Z_EDI_L2400_Service_Line_I,TRUE,,TRUE
dbo,Z_EDI_L2410_Drug_Id,TRUE,,TRUE
dbo,Z_EDI_L2420A_Rendering_Provider_Name,TRUE,,TRUE
dbo,Z_EDI_L2420C_Service_Facility,TRUE,,TRUE
dbo,Z_EDI_L2420D_Supervising_Provider,TRUE,,TRUE
dbo,Z_EDI_L2420E_Ordering_Provider,TRUE,,TRUE
dbo,Z_EDI_L2420F_Referring_Provider_Name,TRUE,,TRUE
dbo,Z_EDI_L2420G_Ambulance_Pickup_Location,TRUE,,TRUE
dbo,Z_EDI_L2420H_Ambulance_Dropoff_Location,TRUE,,TRUE
dbo,Z_EDI_L2430_Line_Adjudication,TRUE,,TRUE
dbo,Z_EDI_Provider,TRUE,,TRUE
dbo,Z_EDI_ProviderAltId,TRUE,,TRUE
dbo,Z_EDI_RecordType,TRUE,,TRUE
dbo,Z_EDI_RenderingProviderAltId,TRUE,,TRUE
dbo,CQMDataCriteria,,,TRUE
dbo,ECQM_Domain,,,TRUE
dbo,ECQM_Measure,,,TRUE
